Nombre del País;Codigo del País;Nombre del Indicador;Codigo del Indicador;2018;2019;2020;2021
Aruba;ABW;Niños que no asisten a la escuela, nivel primario, mujeres;SE.PRM.UNER.FE;;;;
;AFE;Niños que no asisten a la escuela, nivel primario, mujeres;SE.PRM.UNER.FE;;;;
Afganistán;AFG;Niños que no asisten a la escuela, nivel primario, mujeres;SE.PRM.UNER.FE;;;;
;AFW;Niños que no asisten a la escuela, nivel primario, mujeres;SE.PRM.UNER.FE;;;;
Angola;AGO;Niños que no asisten a la escuela, nivel primario, mujeres;SE.PRM.UNER.FE;;;;
Albania;ALB;Niños que no asisten a la escuela, nivel primario, mujeres;SE.PRM.UNER.FE;;;1473;5013
Andorra;AND;Niños que no asisten a la escuela, nivel primario, mujeres;SE.PRM.UNER.FE;;;;
El mundo árabe;ARB;Niños que no asisten a la escuela, nivel primario, mujeres;SE.PRM.UNER.FE;;;;
Emiratos Árabes Unidos;ARE;Niños que no asisten a la escuela, nivel primario, mujeres;SE.PRM.UNER.FE;;;;
Argentina;ARG;Niños que no asisten a la escuela, nivel primario, mujeres;SE.PRM.UNER.FE;;;;
Armenia;ARM;Niños que no asisten a la escuela, nivel primario, mujeres;SE.PRM.UNER.FE;5376;6952;8263;8599
Samoa Americana;ASM;Niños que no asisten a la escuela, nivel primario, mujeres;SE.PRM.UNER.FE;;;;
Antigua y Barbuda;ATG;Niños que no asisten a la escuela, nivel primario, mujeres;SE.PRM.UNER.FE;;93;;
Australia;AUS;Niños que no asisten a la escuela, nivel primario, mujeres;SE.PRM.UNER.FE;5119;7676;16952;
Austria;AUT;Niños que no asisten a la escuela, nivel primario, mujeres;SE.PRM.UNER.FE;;;306;
Azerbaiyán;AZE;Niños que no asisten a la escuela, nivel primario, mujeres;SE.PRM.UNER.FE;12040;21341;27105;34859
Burundi;BDI;Niños que no asisten a la escuela, nivel primario, mujeres;SE.PRM.UNER.FE;44430;55313;83817;
Bélgica;BEL;Niños que no asisten a la escuela, nivel primario, mujeres;SE.PRM.UNER.FE;1278;1819;2043;
Benin;BEN;Niños que no asisten a la escuela, nivel primario, mujeres;SE.PRM.UNER.FE;;88277;90707;
Burkina Faso;BFA;Niños que no asisten a la escuela, nivel primario, mujeres;SE.PRM.UNER.FE;353506;377174;421950;431430
Bangladesh;BGD;Niños que no asisten a la escuela, nivel primario, mujeres;SE.PRM.UNER.FE;;;;
Bulgaria;BGR;Niños que no asisten a la escuela, nivel primario, mujeres;SE.PRM.UNER.FE;19315;21250;21873;
Bahrein;BHR;Niños que no asisten a la escuela, nivel primario, mujeres;SE.PRM.UNER.FE;1155;1654;;
Bahamas;BHS;Niños que no asisten a la escuela, nivel primario, mujeres;SE.PRM.UNER.FE;;;;
Bosnia y Herzegovina;BIH;Niños que no asisten a la escuela, nivel primario, mujeres;SE.PRM.UNER.FE;;;;
Belarús;BLR;Niños que no asisten a la escuela, nivel primario, mujeres;SE.PRM.UNER.FE;4346;8814;13329;15912
Belice;BLZ;Niños que no asisten a la escuela, nivel primario, mujeres;SE.PRM.UNER.FE;;;127;1973
Bermudas;BMU;Niños que no asisten a la escuela, nivel primario, mujeres;SE.PRM.UNER.FE;;;;
Bolivia;BOL;Niños que no asisten a la escuela, nivel primario, mujeres;SE.PRM.UNER.FE;47429;39175;32345;
Brasil;BRA;Niños que no asisten a la escuela, nivel primario, mujeres;SE.PRM.UNER.FE;311870;290889;385978;
Barbados;BRB;Niños que no asisten a la escuela, nivel primario, mujeres;SE.PRM.UNER.FE;248;;318;451
Brunei Darussalam;BRN;Niños que no asisten a la escuela, nivel primario, mujeres;SE.PRM.UNER.FE;;222;297;
Bhután;BTN;Niños que no asisten a la escuela, nivel primario, mujeres;SE.PRM.UNER.FE;3332;;966;
Botswana;BWA;Niños que no asisten a la escuela, nivel primario, mujeres;SE.PRM.UNER.FE;;;;
República Centroafricana;CAF;Niños que no asisten a la escuela, nivel primario, mujeres;SE.PRM.UNER.FE;;;;
Canadá;CAN;Niños que no asisten a la escuela, nivel primario, mujeres;SE.PRM.UNER.FE;;;;
Europa Central y del Báltico;CEB;Niños que no asisten a la escuela, nivel primario, mujeres;SE.PRM.UNER.FE;;;;
Suiza;CHE;Niños que no asisten a la escuela, nivel primario, mujeres;SE.PRM.UNER.FE;;;;
Islas del Canal;CHI;Niños que no asisten a la escuela, nivel primario, mujeres;SE.PRM.UNER.FE;;;;
Chile;CHL;Niños que no asisten a la escuela, nivel primario, mujeres;SE.PRM.UNER.FE;11999;6549;;
China;CHN;Niños que no asisten a la escuela, nivel primario, mujeres;SE.PRM.UNER.FE;;;;
Côte d'Ivoire;CIV;Niños que no asisten a la escuela, nivel primario, mujeres;SE.PRM.UNER.FE;197509;166688;142545;167541
Camerún;CMR;Niños que no asisten a la escuela, nivel primario, mujeres;SE.PRM.UNER.FE;404853;262532;;
Congo, República Democrática del;COD;Niños que no asisten a la escuela, nivel primario, mujeres;SE.PRM.UNER.FE;;;;
Congo, República del;COG;Niños que no asisten a la escuela, nivel primario, mujeres;SE.PRM.UNER.FE;67734;;;
Colombia;COL;Niños que no asisten a la escuela, nivel primario, mujeres;SE.PRM.UNER.FE;32871;5760;9347;
Comoras;COM;Niños que no asisten a la escuela, nivel primario, mujeres;SE.PRM.UNER.FE;11145;;;
Cabo Verde;CPV;Niños que no asisten a la escuela, nivel primario, mujeres;SE.PRM.UNER.FE;2238;2522;;
Costa Rica;CRI;Niños que no asisten a la escuela, nivel primario, mujeres;SE.PRM.UNER.FE;;;;
Estados pequeos del Caribe;CSS;Niños que no asisten a la escuela, nivel primario, mujeres;SE.PRM.UNER.FE;;;;
Cuba;CUB;Niños que no asisten a la escuela, nivel primario, mujeres;SE.PRM.UNER.FE;8272;3304;;4740
Curacao;CUW;Niños que no asisten a la escuela, nivel primario, mujeres;SE.PRM.UNER.FE;;;485;
Islas Caimán;CYM;Niños que no asisten a la escuela, nivel primario, mujeres;SE.PRM.UNER.FE;273;;;
Chipre;CYP;Niños que no asisten a la escuela, nivel primario, mujeres;SE.PRM.UNER.FE;229;;;
República Checa;CZE;Niños que no asisten a la escuela, nivel primario, mujeres;SE.PRM.UNER.FE;;1393;2616;
Alemania;DEU;Niños que no asisten a la escuela, nivel primario, mujeres;SE.PRM.UNER.FE;;4294;19614;
Djibouti;DJI;Niños que no asisten a la escuela, nivel primario, mujeres;SE.PRM.UNER.FE;15144;13985;15408;16872
Dominica;DMA;Niños que no asisten a la escuela, nivel primario, mujeres;SE.PRM.UNER.FE;;98;23;88
Dinamarca;DNK;Niños que no asisten a la escuela, nivel primario, mujeres;SE.PRM.UNER.FE;519;961;772;
República Dominicana;DOM;Niños que no asisten a la escuela, nivel primario, mujeres;SE.PRM.UNER.FE;31319;20009;20340;55291
Argelia;DZA;Niños que no asisten a la escuela, nivel primario, mujeres;SE.PRM.UNER.FE;;;;
Asia oriental y el Pacífico (excluido altos ingresos);EAP;Niños que no asisten a la escuela, nivel primario, mujeres;SE.PRM.UNER.FE;;;;
inicial del dividendo demográfico;EAR;Niños que no asisten a la escuela, nivel primario, mujeres;SE.PRM.UNER.FE;;;;
Asia oriental y el Pacífico;EAS;Niños que no asisten a la escuela, nivel primario, mujeres;SE.PRM.UNER.FE;;;;
Europa y Asia central (excluido altos ingresos);ECA;Niños que no asisten a la escuela, nivel primario, mujeres;SE.PRM.UNER.FE;;;;
Europa y Asia central;ECS;Niños que no asisten a la escuela, nivel primario, mujeres;SE.PRM.UNER.FE;;;;
Ecuador;ECU;Niños que no asisten a la escuela, nivel primario, mujeres;SE.PRM.UNER.FE;;;;
Egipto, República Árabe de;EGY;Niños que no asisten a la escuela, nivel primario, mujeres;SE.PRM.UNER.FE;;;;
Zona del Euro;EMU;Niños que no asisten a la escuela, nivel primario, mujeres;SE.PRM.UNER.FE;;;;
Eritrea;ERI;Niños que no asisten a la escuela, nivel primario, mujeres;SE.PRM.UNER.FE;124564;124243;;
España;ESP;Niños que no asisten a la escuela, nivel primario, mujeres;SE.PRM.UNER.FE;40830;37080;23378;
Estonia;EST;Niños que no asisten a la escuela, nivel primario, mujeres;SE.PRM.UNER.FE;;;;
Etiopía;ETH;Niños que no asisten a la escuela, nivel primario, mujeres;SE.PRM.UNER.FE;;;;2228444
Unión Europea;EUU;Niños que no asisten a la escuela, nivel primario, mujeres;SE.PRM.UNER.FE;;;;
Frágiles y situaciones de conflicto afectados;FCS;Niños que no asisten a la escuela, nivel primario, mujeres;SE.PRM.UNER.FE;;;;
Finlandia;FIN;Niños que no asisten a la escuela, nivel primario, mujeres;SE.PRM.UNER.FE;2086;2820;2561;
Fiji;FJI;Niños que no asisten a la escuela, nivel primario, mujeres;SE.PRM.UNER.FE;;;;
Francia;FRA;Niños que no asisten a la escuela, nivel primario, mujeres;SE.PRM.UNER.FE;;;;
Islas Feroe;FRO;Niños que no asisten a la escuela, nivel primario, mujeres;SE.PRM.UNER.FE;;;;
Micronesia (Estados Federados de);FSM;Niños que no asisten a la escuela, nivel primario, mujeres;SE.PRM.UNER.FE;;1474;1148;1091
Gabón;GAB;Niños que no asisten a la escuela, nivel primario, mujeres;SE.PRM.UNER.FE;;28292;;
Reino Unido;GBR;Niños que no asisten a la escuela, nivel primario, mujeres;SE.PRM.UNER.FE;19278;30146;50204;
Georgia;GEO;Niños que no asisten a la escuela, nivel primario, mujeres;SE.PRM.UNER.FE;;;116;1309
Ghana;GHA;Niños que no asisten a la escuela, nivel primario, mujeres;SE.PRM.UNER.FE;69192;8783;110013;
Gibraltar;GIB;Niños que no asisten a la escuela, nivel primario, mujeres;SE.PRM.UNER.FE;;;;
Guinea;GIN;Niños que no asisten a la escuela, nivel primario, mujeres;SE.PRM.UNER.FE;236829;250291;221655;
Gambia;GMB;Niños que no asisten a la escuela, nivel primario, mujeres;SE.PRM.UNER.FE;25341;18319;13922;15698
Guinea-Bissau;GNB;Niños que no asisten a la escuela, nivel primario, mujeres;SE.PRM.UNER.FE;;;;
Guinea Ecuatorial;GNQ;Niños que no asisten a la escuela, nivel primario, mujeres;SE.PRM.UNER.FE;;;;
Grecia;GRC;Niños que no asisten a la escuela, nivel primario, mujeres;SE.PRM.UNER.FE;3856;1901;;
Granada;GRD;Niños que no asisten a la escuela, nivel primario, mujeres;SE.PRM.UNER.FE;;;;
Groenlandia;GRL;Niños que no asisten a la escuela, nivel primario, mujeres;SE.PRM.UNER.FE;;;;
Guatemala;GTM;Niños que no asisten a la escuela, nivel primario, mujeres;SE.PRM.UNER.FE;117083;118734;114414;100996
Guam;GUM;Niños que no asisten a la escuela, nivel primario, mujeres;SE.PRM.UNER.FE;;;;
Guyana;GUY;Niños que no asisten a la escuela, nivel primario, mujeres;SE.PRM.UNER.FE;;;;
Ingreso alto;HIC;Niños que no asisten a la escuela, nivel primario, mujeres;SE.PRM.UNER.FE;;;;
Hong Kong, Región Administrativa Especial;HKG;Niños que no asisten a la escuela, nivel primario, mujeres;SE.PRM.UNER.FE;;;;
Honduras;HND;Niños que no asisten a la escuela, nivel primario, mujeres;SE.PRM.UNER.FE;;;;
Países pobres muy endeudados (PPME);HPC;Niños que no asisten a la escuela, nivel primario, mujeres;SE.PRM.UNER.FE;;;;
Croacia;HRV;Niños que no asisten a la escuela, nivel primario, mujeres;SE.PRM.UNER.FE;;;;
Haití;HTI;Niños que no asisten a la escuela, nivel primario, mujeres;SE.PRM.UNER.FE;;;;
Hungría;HUN;Niños que no asisten a la escuela, nivel primario, mujeres;SE.PRM.UNER.FE;8558;10567;10782;
Sólo BIRF;IBD;Niños que no asisten a la escuela, nivel primario, mujeres;SE.PRM.UNER.FE;;;;
BIRF y la AIF;IBT;Niños que no asisten a la escuela, nivel primario, mujeres;SE.PRM.UNER.FE;;;;
total de la AIF;IDA;Niños que no asisten a la escuela, nivel primario, mujeres;SE.PRM.UNER.FE;;;;
mezcla de la AIF;IDB;Niños que no asisten a la escuela, nivel primario, mujeres;SE.PRM.UNER.FE;;;;
Indonesia;IDN;Niños que no asisten a la escuela, nivel primario, mujeres;SE.PRM.UNER.FE;1073003;;;
Sólo AIF;IDX;Niños que no asisten a la escuela, nivel primario, mujeres;SE.PRM.UNER.FE;;;;
Isla de Man;IMN;Niños que no asisten a la escuela, nivel primario, mujeres;SE.PRM.UNER.FE;;;;
India;IND;Niños que no asisten a la escuela, nivel primario, mujeres;SE.PRM.UNER.FE;5110593;5130286;2437635;889307
No clasificado;INX;Niños que no asisten a la escuela, nivel primario, mujeres;SE.PRM.UNER.FE;;;;
Irlanda;IRL;Niños que no asisten a la escuela, nivel primario, mujeres;SE.PRM.UNER.FE;;;;
Irán, República Islámica del;IRN;Niños que no asisten a la escuela, nivel primario, mujeres;SE.PRM.UNER.FE;;;;
Iraq;IRQ;Niños que no asisten a la escuela, nivel primario, mujeres;SE.PRM.UNER.FE;;;;
Islandia;ISL;Niños que no asisten a la escuela, nivel primario, mujeres;SE.PRM.UNER.FE;;;;
Israel;ISR;Niños que no asisten a la escuela, nivel primario, mujeres;SE.PRM.UNER.FE;;;;
Italia;ITA;Niños que no asisten a la escuela, nivel primario, mujeres;SE.PRM.UNER.FE;45651;49814;58428;
Jamaica;JAM;Niños que no asisten a la escuela, nivel primario, mujeres;SE.PRM.UNER.FE;;;;
Jordania;JOR;Niños que no asisten a la escuela, nivel primario, mujeres;SE.PRM.UNER.FE;135554;133650;142039;143078
Japón;JPN;Niños que no asisten a la escuela, nivel primario, mujeres;SE.PRM.UNER.FE;74497;67344;;
Kazajstán;KAZ;Niños que no asisten a la escuela, nivel primario, mujeres;SE.PRM.UNER.FE;;;68160;
Kenya;KEN;Niños que no asisten a la escuela, nivel primario, mujeres;SE.PRM.UNER.FE;;;;
Kirguistán;KGZ;Niños que no asisten a la escuela, nivel primario, mujeres;SE.PRM.UNER.FE;;;;4114
Camboya;KHM;Niños que no asisten a la escuela, nivel primario, mujeres;SE.PRM.UNER.FE;91265;92811;111065;133986
Kiribati;KIR;Niños que no asisten a la escuela, nivel primario, mujeres;SE.PRM.UNER.FE;;;;
Saint Kitts y Nevis;KNA;Niños que no asisten a la escuela, nivel primario, mujeres;SE.PRM.UNER.FE;;;;
Corea, República de;KOR;Niños que no asisten a la escuela, nivel primario, mujeres;SE.PRM.UNER.FE;12519;;19160;
Kuwait;KWT;Niños que no asisten a la escuela, nivel primario, mujeres;SE.PRM.UNER.FE;;;;
América Latina y el Caribe (excluido altos ingresos);LAC;Niños que no asisten a la escuela, nivel primario, mujeres;SE.PRM.UNER.FE;;;;
República Democrática Popular Lao;LAO;Niños que no asisten a la escuela, nivel primario, mujeres;SE.PRM.UNER.FE;35174;35058;33973;31508
Líbano;LBN;Niños que no asisten a la escuela, nivel primario, mujeres;SE.PRM.UNER.FE;;;;
Liberia;LBR;Niños que no asisten a la escuela, nivel primario, mujeres;SE.PRM.UNER.FE;;;94024;
Libia;LBY;Niños que no asisten a la escuela, nivel primario, mujeres;SE.PRM.UNER.FE;;;;
Santa Lucía;LCA;Niños que no asisten a la escuela, nivel primario, mujeres;SE.PRM.UNER.FE;18;458;44;
América Latina y el Caribe;LCN;Niños que no asisten a la escuela, nivel primario, mujeres;SE.PRM.UNER.FE;;;;
Países menos desarrollados: clasificación de las Naciones Unidas;LDC;Niños que no asisten a la escuela, nivel primario, mujeres;SE.PRM.UNER.FE;;;;
Países de ingreso bajo;LIC;Niños que no asisten a la escuela, nivel primario, mujeres;SE.PRM.UNER.FE;;;;
Liechtenstein;LIE;Niños que no asisten a la escuela, nivel primario, mujeres;SE.PRM.UNER.FE;;;;
Sri Lanka;LKA;Niños que no asisten a la escuela, nivel primario, mujeres;SE.PRM.UNER.FE;;;;
Países de ingreso mediano bajo;LMC;Niños que no asisten a la escuela, nivel primario, mujeres;SE.PRM.UNER.FE;;;;
Ingreso mediano y bajo;LMY;Niños que no asisten a la escuela, nivel primario, mujeres;SE.PRM.UNER.FE;;;;
Lesotho;LSO;Niños que no asisten a la escuela, nivel primario, mujeres;SE.PRM.UNER.FE;9105;11931;;
avanzada del dividendo demográfico;LTE;Niños que no asisten a la escuela, nivel primario, mujeres;SE.PRM.UNER.FE;;;;
Lituania;LTU;Niños que no asisten a la escuela, nivel primario, mujeres;SE.PRM.UNER.FE;;;;
Luxemburgo;LUX;Niños que no asisten a la escuela, nivel primario, mujeres;SE.PRM.UNER.FE;;;;
Letonia;LVA;Niños que no asisten a la escuela, nivel primario, mujeres;SE.PRM.UNER.FE;401;472;561;
Región Administrativa Especial de Macao, China;MAC;Niños que no asisten a la escuela, nivel primario, mujeres;SE.PRM.UNER.FE;456;245;726;937
Isla de San Martín (parte francesa);MAF;Niños que no asisten a la escuela, nivel primario, mujeres;SE.PRM.UNER.FE;;;;
Marruecos;MAR;Niños que no asisten a la escuela, nivel primario, mujeres;SE.PRM.UNER.FE;;;;
Mónaco;MCO;Niños que no asisten a la escuela, nivel primario, mujeres;SE.PRM.UNER.FE;;;;
República de Moldova;MDA;Niños que no asisten a la escuela, nivel primario, mujeres;SE.PRM.UNER.FE;;;;
Madagascar;MDG;Niños que no asisten a la escuela, nivel primario, mujeres;SE.PRM.UNER.FE;;;;
Maldivas;MDV;Niños que no asisten a la escuela, nivel primario, mujeres;SE.PRM.UNER.FE;397;174;;
Oriente Medio y Norte de África;MEA;Niños que no asisten a la escuela, nivel primario, mujeres;SE.PRM.UNER.FE;;;;
México;MEX;Niños que no asisten a la escuela, nivel primario, mujeres;SE.PRM.UNER.FE;;;;
Islas Marshall;MHL;Niños que no asisten a la escuela, nivel primario, mujeres;SE.PRM.UNER.FE;;1189;1329;1410
 Ingreso mediano;MIC;Niños que no asisten a la escuela, nivel primario, mujeres;SE.PRM.UNER.FE;;;;
Macedonia del Norte;MKD;Niños que no asisten a la escuela, nivel primario, mujeres;SE.PRM.UNER.FE;428;2114;2633;
Malí;MLI;Niños que no asisten a la escuela, nivel primario, mujeres;SE.PRM.UNER.FE;711827;;;
Malta;MLT;Niños que no asisten a la escuela, nivel primario, mujeres;SE.PRM.UNER.FE;;;;
Myanmar;MMR;Niños que no asisten a la escuela, nivel primario, mujeres;SE.PRM.UNER.FE;;;;
Oriente Medio y Norte de África (excluido altos ingresos);MNA;Niños que no asisten a la escuela, nivel primario, mujeres;SE.PRM.UNER.FE;;;;
Montenegro;MNE;Niños que no asisten a la escuela, nivel primario, mujeres;SE.PRM.UNER.FE;;;;
Mongolia;MNG;Niños que no asisten a la escuela, nivel primario, mujeres;SE.PRM.UNER.FE;;;;
Mariana;MNP;Niños que no asisten a la escuela, nivel primario, mujeres;SE.PRM.UNER.FE;;;;
Mozambique;MOZ;Niños que no asisten a la escuela, nivel primario, mujeres;SE.PRM.UNER.FE;219096;110861;;
Mauritania;MRT;Niños que no asisten a la escuela, nivel primario, mujeres;SE.PRM.UNER.FE;60060;70645;;
Mauricio;MUS;Niños que no asisten a la escuela, nivel primario, mujeres;SE.PRM.UNER.FE;;;;
Malawi;MWI;Niños que no asisten a la escuela, nivel primario, mujeres;SE.PRM.UNER.FE;;;;
Malasia;MYS;Niños que no asisten a la escuela, nivel primario, mujeres;SE.PRM.UNER.FE;;17732;19665;
América del Norte;NAC;Niños que no asisten a la escuela, nivel primario, mujeres;SE.PRM.UNER.FE;;;;
Namibia;NAM;Niños que no asisten a la escuela, nivel primario, mujeres;SE.PRM.UNER.FE;;;;
Nueva Caledonia;NCL;Niños que no asisten a la escuela, nivel primario, mujeres;SE.PRM.UNER.FE;;;;
Níger;NER;Niños que no asisten a la escuela, nivel primario, mujeres;SE.PRM.UNER.FE;848779;886775;;957621
Nigeria;NGA;Niños que no asisten a la escuela, nivel primario, mujeres;SE.PRM.UNER.FE;;;;
Nicaragua;NIC;Niños que no asisten a la escuela, nivel primario, mujeres;SE.PRM.UNER.FE;;;;
Países Bajos;NLD;Niños que no asisten a la escuela, nivel primario, mujeres;SE.PRM.UNER.FE;;;;
Noruega;NOR;Niños que no asisten a la escuela, nivel primario, mujeres;SE.PRM.UNER.FE;;;;
Nepal;NPL;Niños que no asisten a la escuela, nivel primario, mujeres;SE.PRM.UNER.FE;;;;
Nauru;NRU;Niños que no asisten a la escuela, nivel primario, mujeres;SE.PRM.UNER.FE;;;22;
Nueva Zelandia;NZL;Niños que no asisten a la escuela, nivel primario, mujeres;SE.PRM.UNER.FE;;;;
Miembros OCDE;OED;Niños que no asisten a la escuela, nivel primario, mujeres;SE.PRM.UNER.FE;;;;
Omán;OMN;Niños que no asisten a la escuela, nivel primario, mujeres;SE.PRM.UNER.FE;;;;
Otros Estados pequeos;OSS;Niños que no asisten a la escuela, nivel primario, mujeres;SE.PRM.UNER.FE;;;;
Pakistán;PAK;Niños que no asisten a la escuela, nivel primario, mujeres;SE.PRM.UNER.FE;;;;
Panamá;PAN;Niños que no asisten a la escuela, nivel primario, mujeres;SE.PRM.UNER.FE;;;23697;
Perú;PER;Niños que no asisten a la escuela, nivel primario, mujeres;SE.PRM.UNER.FE;;;;
Filipinas;PHL;Niños que no asisten a la escuela, nivel primario, mujeres;SE.PRM.UNER.FE;263849;221332;256424;583248
Palau;PLW;Niños que no asisten a la escuela, nivel primario, mujeres;SE.PRM.UNER.FE;;;;13
Papua Nueva Guinea;PNG;Niños que no asisten a la escuela, nivel primario, mujeres;SE.PRM.UNER.FE;;;;
Polonia;POL;Niños que no asisten a la escuela, nivel primario, mujeres;SE.PRM.UNER.FE;20806;11002;;
previa al dividendo demográfico;PRE;Niños que no asisten a la escuela, nivel primario, mujeres;SE.PRM.UNER.FE;;;;
Puerto Rico;PRI;Niños que no asisten a la escuela, nivel primario, mujeres;SE.PRM.UNER.FE;;;;
Corea, República Popular Democrática de;PRK;Niños que no asisten a la escuela, nivel primario, mujeres;SE.PRM.UNER.FE;;;;
Portugal;PRT;Niños que no asisten a la escuela, nivel primario, mujeres;SE.PRM.UNER.FE;;;;
Paraguay;PRY;Niños que no asisten a la escuela, nivel primario, mujeres;SE.PRM.UNER.FE;;;;
Ribera Occidental y Gaza;PSE;Niños que no asisten a la escuela, nivel primario, mujeres;SE.PRM.UNER.FE;6032;8523;12385;18679
Estados pequeos de las Islas del Pacfico;PSS;Niños que no asisten a la escuela, nivel primario, mujeres;SE.PRM.UNER.FE;;;;
posterior al dividendo demográfico;PST;Niños que no asisten a la escuela, nivel primario, mujeres;SE.PRM.UNER.FE;;;;
Polinesia Francesa;PYF;Niños que no asisten a la escuela, nivel primario, mujeres;SE.PRM.UNER.FE;;;;
Qatar;QAT;Niños que no asisten a la escuela, nivel primario, mujeres;SE.PRM.UNER.FE;309;258;;
Rumania;ROU;Niños que no asisten a la escuela, nivel primario, mujeres;SE.PRM.UNER.FE;66576;66026;62250;
Federación de Rusia;RUS;Niños que no asisten a la escuela, nivel primario, mujeres;SE.PRM.UNER.FE;;;;
Rwanda;RWA;Niños que no asisten a la escuela, nivel primario, mujeres;SE.PRM.UNER.FE;38344;59284;;60983
Asia meridional;SAS;Niños que no asisten a la escuela, nivel primario, mujeres;SE.PRM.UNER.FE;;;;
Arabia Saudita;SAU;Niños que no asisten a la escuela, nivel primario, mujeres;SE.PRM.UNER.FE;;;83634;8574
Sudán;SDN;Niños que no asisten a la escuela, nivel primario, mujeres;SE.PRM.UNER.FE;1127796;;;
Senegal;SEN;Niños que no asisten a la escuela, nivel primario, mujeres;SE.PRM.UNER.FE;;274164;261999;303442
Singapur;SGP;Niños que no asisten a la escuela, nivel primario, mujeres;SE.PRM.UNER.FE;150;;;
Islas Salomón;SLB;Niños que no asisten a la escuela, nivel primario, mujeres;SE.PRM.UNER.FE;1982;2052;;
Sierra Leona;SLE;Niños que no asisten a la escuela, nivel primario, mujeres;SE.PRM.UNER.FE;;;;
El Salvador;SLV;Niños que no asisten a la escuela, nivel primario, mujeres;SE.PRM.UNER.FE;;;;
San Marino;SMR;Niños que no asisten a la escuela, nivel primario, mujeres;SE.PRM.UNER.FE;;;41;23
Somalia;SOM;Niños que no asisten a la escuela, nivel primario, mujeres;SE.PRM.UNER.FE;;;;
Serbia;SRB;Niños que no asisten a la escuela, nivel primario, mujeres;SE.PRM.UNER.FE;1625;2481;3747;4546
África al sur del Sahara (excluido altos ingresos);SSA;Niños que no asisten a la escuela, nivel primario, mujeres;SE.PRM.UNER.FE;;;;
Sudán del Sur;SSD;Niños que no asisten a la escuela, nivel primario, mujeres;SE.PRM.UNER.FE;;;;
África al sur del Sahara;SSF;Niños que no asisten a la escuela, nivel primario, mujeres;SE.PRM.UNER.FE;;;;
Pequeños Estados;SST;Niños que no asisten a la escuela, nivel primario, mujeres;SE.PRM.UNER.FE;;;;
Santo Tomé y Príncipe;STP;Niños que no asisten a la escuela, nivel primario, mujeres;SE.PRM.UNER.FE;;;;
Suriname;SUR;Niños que no asisten a la escuela, nivel primario, mujeres;SE.PRM.UNER.FE;3640;3206;3070;4791
República Eslovaca;SVK;Niños que no asisten a la escuela, nivel primario, mujeres;SE.PRM.UNER.FE;4809;3705;3096;
Eslovenia;SVN;Niños que no asisten a la escuela, nivel primario, mujeres;SE.PRM.UNER.FE;;;;
Suecia;SWE;Niños que no asisten a la escuela, nivel primario, mujeres;SE.PRM.UNER.FE;;;;
Eswatini;SWZ;Niños que no asisten a la escuela, nivel primario, mujeres;SE.PRM.UNER.FE;17707;16301;;
Sint Maarten (Dutch part);SXM;Niños que no asisten a la escuela, nivel primario, mujeres;SE.PRM.UNER.FE;;;;
Seychelles;SYC;Niños que no asisten a la escuela, nivel primario, mujeres;SE.PRM.UNER.FE;;;;
República Árabe Siria;SYR;Niños que no asisten a la escuela, nivel primario, mujeres;SE.PRM.UNER.FE;;;;
Islas Turcas y Caicos;TCA;Niños que no asisten a la escuela, nivel primario, mujeres;SE.PRM.UNER.FE;;;;13
Chad;TCD;Niños que no asisten a la escuela, nivel primario, mujeres;SE.PRM.UNER.FE;466355;483664;;444140
Asia oriental y el Pacífico (BIRF y la AIF);TEA;Niños que no asisten a la escuela, nivel primario, mujeres;SE.PRM.UNER.FE;;;;
Europa y Asia central (BIRF y la AIF);TEC;Niños que no asisten a la escuela, nivel primario, mujeres;SE.PRM.UNER.FE;;;;
Togo;TGO;Niños que no asisten a la escuela, nivel primario, mujeres;SE.PRM.UNER.FE;48733;25663;;
Tailandia;THA;Niños que no asisten a la escuela, nivel primario, mujeres;SE.PRM.UNER.FE;113673;73618;59982;33975
Tayikistán;TJK;Niños que no asisten a la escuela, nivel primario, mujeres;SE.PRM.UNER.FE;;;;
Turkmenistán;TKM;Niños que no asisten a la escuela, nivel primario, mujeres;SE.PRM.UNER.FE;;;;
América Latina y el Caribe (BIRF y la AIF);TLA;Niños que no asisten a la escuela, nivel primario, mujeres;SE.PRM.UNER.FE;;;;
Timor-Leste;TLS;Niños que no asisten a la escuela, nivel primario, mujeres;SE.PRM.UNER.FE;2639;2729;2964;
Oriente Medio y Norte de África (BIRF y la AIF);TMN;Niños que no asisten a la escuela, nivel primario, mujeres;SE.PRM.UNER.FE;;;;
Tonga;TON;Niños que no asisten a la escuela, nivel primario, mujeres;SE.PRM.UNER.FE;;;;
Asia meridional (BIRF y la AIF);TSA;Niños que no asisten a la escuela, nivel primario, mujeres;SE.PRM.UNER.FE;;;;
África al sur del Sahara (BIRF y la AIF);TSS;Niños que no asisten a la escuela, nivel primario, mujeres;SE.PRM.UNER.FE;;;;
Trinidad y Tobago;TTO;Niños que no asisten a la escuela, nivel primario, mujeres;SE.PRM.UNER.FE;;;;
Túnez;TUN;Niños que no asisten a la escuela, nivel primario, mujeres;SE.PRM.UNER.FE;;;;
Turquía;TUR;Niños que no asisten a la escuela, nivel primario, mujeres;SE.PRM.UNER.FE;138292;133381;135717;
Tuvalu;TUV;Niños que no asisten a la escuela, nivel primario, mujeres;SE.PRM.UNER.FE;;170;125;71
Tanzanía;TZA;Niños que no asisten a la escuela, nivel primario, mujeres;SE.PRM.UNER.FE;842001;749689;808847;
Uganda;UGA;Niños que no asisten a la escuela, nivel primario, mujeres;SE.PRM.UNER.FE;;;;
Ucrania;UKR;Niños que no asisten a la escuela, nivel primario, mujeres;SE.PRM.UNER.FE;;;;
Ingreso mediano alto;UMC;Niños que no asisten a la escuela, nivel primario, mujeres;SE.PRM.UNER.FE;;;;
Uruguay;URY;Niños que no asisten a la escuela, nivel primario, mujeres;SE.PRM.UNER.FE;;148;;
Estados Unidos;USA;Niños que no asisten a la escuela, nivel primario, mujeres;SE.PRM.UNER.FE;76669;101961;243827;
Uzbekistán;UZB;Niños que no asisten a la escuela, nivel primario, mujeres;SE.PRM.UNER.FE;;;40878;62307
San Vicente y las Granadinas;VCT;Niños que no asisten a la escuela, nivel primario, mujeres;SE.PRM.UNER.FE;;;;
Venezuela;VEN;Niños que no asisten a la escuela, nivel primario, mujeres;SE.PRM.UNER.FE;;;;
Islas Vírgenes Británicas;VGB;Niños que no asisten a la escuela, nivel primario, mujeres;SE.PRM.UNER.FE;;;;
Islas Vírgenes (EE.UU.);VIR;Niños que no asisten a la escuela, nivel primario, mujeres;SE.PRM.UNER.FE;;;;
Viet Nam;VNM;Niños que no asisten a la escuela, nivel primario, mujeres;SE.PRM.UNER.FE;;;;
Vanuatu;VUT;Niños que no asisten a la escuela, nivel primario, mujeres;SE.PRM.UNER.FE;;1096;873;
Mundo;WLD;Niños que no asisten a la escuela, nivel primario, mujeres;SE.PRM.UNER.FE;;;;
Samoa;WSM;Niños que no asisten a la escuela, nivel primario, mujeres;SE.PRM.UNER.FE;;;;
Kosovo;XKX;Niños que no asisten a la escuela, nivel primario, mujeres;SE.PRM.UNER.FE;;;;
Yemen, Rep. del;YEM;Niños que no asisten a la escuela, nivel primario, mujeres;SE.PRM.UNER.FE;;;;
Sudáfrica;ZAF;Niños que no asisten a la escuela, nivel primario, mujeres;SE.PRM.UNER.FE;386532;379344;415208;
Zambia;ZMB;Niños que no asisten a la escuela, nivel primario, mujeres;SE.PRM.UNER.FE;;;;
Zimbabwe;ZWE;Niños que no asisten a la escuela, nivel primario, mujeres;SE.PRM.UNER.FE;197643;199509;187605;
Aruba;ABW;Niños que no asisten a la escuela, nivel primario, varones;SE.PRM.UNER.MA;;;;
;AFE;Niños que no asisten a la escuela, nivel primario, varones;SE.PRM.UNER.MA;;;;
Afganistán;AFG;Niños que no asisten a la escuela, nivel primario, varones;SE.PRM.UNER.MA;;;;
;AFW;Niños que no asisten a la escuela, nivel primario, varones;SE.PRM.UNER.MA;;;;
Angola;AGO;Niños que no asisten a la escuela, nivel primario, varones;SE.PRM.UNER.MA;;;;
Albania;ALB;Niños que no asisten a la escuela, nivel primario, varones;SE.PRM.UNER.MA;;;4748;7886
Andorra;AND;Niños que no asisten a la escuela, nivel primario, varones;SE.PRM.UNER.MA;;;;
El mundo árabe;ARB;Niños que no asisten a la escuela, nivel primario, varones;SE.PRM.UNER.MA;;;;
Emiratos Árabes Unidos;ARE;Niños que no asisten a la escuela, nivel primario, varones;SE.PRM.UNER.MA;;;;
Argentina;ARG;Niños que no asisten a la escuela, nivel primario, varones;SE.PRM.UNER.MA;;;;
Armenia;ARM;Niños que no asisten a la escuela, nivel primario, varones;SE.PRM.UNER.MA;6050;7976;9526;9618
Samoa Americana;ASM;Niños que no asisten a la escuela, nivel primario, varones;SE.PRM.UNER.MA;;;;
Antigua y Barbuda;ATG;Niños que no asisten a la escuela, nivel primario, varones;SE.PRM.UNER.MA;;105;;
Australia;AUS;Niños que no asisten a la escuela, nivel primario, varones;SE.PRM.UNER.MA;4495;7866;16412;
Austria;AUT;Niños que no asisten a la escuela, nivel primario, varones;SE.PRM.UNER.MA;;;574;
Azerbaiyán;AZE;Niños que no asisten a la escuela, nivel primario, varones;SE.PRM.UNER.MA;12763;34346;44017;42000
Burundi;BDI;Niños que no asisten a la escuela, nivel primario, varones;SE.PRM.UNER.MA;69832;85660;118386;
Bélgica;BEL;Niños que no asisten a la escuela, nivel primario, varones;SE.PRM.UNER.MA;2853;5341;7173;
Benin;BEN;Niños que no asisten a la escuela, nivel primario, varones;SE.PRM.UNER.MA;;32693;37876;
Burkina Faso;BFA;Niños que no asisten a la escuela, nivel primario, varones;SE.PRM.UNER.MA;335760;371101;435271;456061
Bangladesh;BGD;Niños que no asisten a la escuela, nivel primario, varones;SE.PRM.UNER.MA;;;;
Bulgaria;BGR;Niños que no asisten a la escuela, nivel primario, varones;SE.PRM.UNER.MA;20662;22412;23136;
Bahrein;BHR;Niños que no asisten a la escuela, nivel primario, varones;SE.PRM.UNER.MA;33;1116;;
Bahamas;BHS;Niños que no asisten a la escuela, nivel primario, varones;SE.PRM.UNER.MA;;;;
Bosnia y Herzegovina;BIH;Niños que no asisten a la escuela, nivel primario, varones;SE.PRM.UNER.MA;;;;
Belarús;BLR;Niños que no asisten a la escuela, nivel primario, varones;SE.PRM.UNER.MA;1198;5198;10585;14275
Belice;BLZ;Niños que no asisten a la escuela, nivel primario, varones;SE.PRM.UNER.MA;;;124;1893
Bermudas;BMU;Niños que no asisten a la escuela, nivel primario, varones;SE.PRM.UNER.MA;;;;
Bolivia;BOL;Niños que no asisten a la escuela, nivel primario, varones;SE.PRM.UNER.MA;47935;41156;36702;
Brasil;BRA;Niños que no asisten a la escuela, nivel primario, varones;SE.PRM.UNER.MA;397177;321682;272499;
Barbados;BRB;Niños que no asisten a la escuela, nivel primario, varones;SE.PRM.UNER.MA;80;;194;356
Brunei Darussalam;BRN;Niños que no asisten a la escuela, nivel primario, varones;SE.PRM.UNER.MA;;456;381;
Bhután;BTN;Niños que no asisten a la escuela, nivel primario, varones;SE.PRM.UNER.MA;4124;;2286;
Botswana;BWA;Niños que no asisten a la escuela, nivel primario, varones;SE.PRM.UNER.MA;;;;
República Centroafricana;CAF;Niños que no asisten a la escuela, nivel primario, varones;SE.PRM.UNER.MA;;;;
Canadá;CAN;Niños que no asisten a la escuela, nivel primario, varones;SE.PRM.UNER.MA;;;;
Europa Central y del Báltico;CEB;Niños que no asisten a la escuela, nivel primario, varones;SE.PRM.UNER.MA;;;;
Suiza;CHE;Niños que no asisten a la escuela, nivel primario, varones;SE.PRM.UNER.MA;;;;
Islas del Canal;CHI;Niños que no asisten a la escuela, nivel primario, varones;SE.PRM.UNER.MA;;;;
Chile;CHL;Niños que no asisten a la escuela, nivel primario, varones;SE.PRM.UNER.MA;7352;460;;
China;CHN;Niños que no asisten a la escuela, nivel primario, varones;SE.PRM.UNER.MA;;;;
Côte d'Ivoire;CIV;Niños que no asisten a la escuela, nivel primario, varones;SE.PRM.UNER.MA;44066;32670;5796;47911
Camerún;CMR;Niños que no asisten a la escuela, nivel primario, varones;SE.PRM.UNER.MA;281847;83981;;
Congo, República Democrática del;COD;Niños que no asisten a la escuela, nivel primario, varones;SE.PRM.UNER.MA;;;;
Congo, República del;COG;Niños que no asisten a la escuela, nivel primario, varones;SE.PRM.UNER.MA;62954;;;
Colombia;COL;Niños que no asisten a la escuela, nivel primario, varones;SE.PRM.UNER.MA;52922;29320;34434;
Comoras;COM;Niños que no asisten a la escuela, nivel primario, varones;SE.PRM.UNER.MA;11522;;;
Cabo Verde;CPV;Niños que no asisten a la escuela, nivel primario, varones;SE.PRM.UNER.MA;1735;2270;;
Costa Rica;CRI;Niños que no asisten a la escuela, nivel primario, varones;SE.PRM.UNER.MA;;;;
Estados pequeos del Caribe;CSS;Niños que no asisten a la escuela, nivel primario, varones;SE.PRM.UNER.MA;;;;
Cuba;CUB;Niños que no asisten a la escuela, nivel primario, varones;SE.PRM.UNER.MA;7408;2399;;4110
Curacao;CUW;Niños que no asisten a la escuela, nivel primario, varones;SE.PRM.UNER.MA;;;420;
Islas Caimán;CYM;Niños que no asisten a la escuela, nivel primario, varones;SE.PRM.UNER.MA;238;;;
Chipre;CYP;Niños que no asisten a la escuela, nivel primario, varones;SE.PRM.UNER.MA;100;;;
República Checa;CZE;Niños que no asisten a la escuela, nivel primario, varones;SE.PRM.UNER.MA;;3607;4950;
Alemania;DEU;Niños que no asisten a la escuela, nivel primario, varones;SE.PRM.UNER.MA;;24551;41695;
Djibouti;DJI;Niños que no asisten a la escuela, nivel primario, varones;SE.PRM.UNER.MA;18804;16105;15489;15284
Dominica;DMA;Niños que no asisten a la escuela, nivel primario, varones;SE.PRM.UNER.MA;;130;31;75
Dinamarca;DNK;Niños que no asisten a la escuela, nivel primario, varones;SE.PRM.UNER.MA;2294;2191;2336;
República Dominicana;DOM;Niños que no asisten a la escuela, nivel primario, varones;SE.PRM.UNER.MA;34506;25795;27230;66318
Argelia;DZA;Niños que no asisten a la escuela, nivel primario, varones;SE.PRM.UNER.MA;;;;
Asia oriental y el Pacífico (excluido altos ingresos);EAP;Niños que no asisten a la escuela, nivel primario, varones;SE.PRM.UNER.MA;;;;
inicial del dividendo demográfico;EAR;Niños que no asisten a la escuela, nivel primario, varones;SE.PRM.UNER.MA;;;;
Asia oriental y el Pacífico;EAS;Niños que no asisten a la escuela, nivel primario, varones;SE.PRM.UNER.MA;;;;
Europa y Asia central (excluido altos ingresos);ECA;Niños que no asisten a la escuela, nivel primario, varones;SE.PRM.UNER.MA;;;;
Europa y Asia central;ECS;Niños que no asisten a la escuela, nivel primario, varones;SE.PRM.UNER.MA;;;;
Ecuador;ECU;Niños que no asisten a la escuela, nivel primario, varones;SE.PRM.UNER.MA;;;;
Egipto, República Árabe de;EGY;Niños que no asisten a la escuela, nivel primario, varones;SE.PRM.UNER.MA;;;;
Zona del Euro;EMU;Niños que no asisten a la escuela, nivel primario, varones;SE.PRM.UNER.MA;;;;
Eritrea;ERI;Niños que no asisten a la escuela, nivel primario, varones;SE.PRM.UNER.MA;117424;117605;;
España;ESP;Niños que no asisten a la escuela, nivel primario, varones;SE.PRM.UNER.MA;50956;46003;30611;
Estonia;EST;Niños que no asisten a la escuela, nivel primario, varones;SE.PRM.UNER.MA;;;;
Etiopía;ETH;Niños que no asisten a la escuela, nivel primario, varones;SE.PRM.UNER.MA;;;;1651330
Unión Europea;EUU;Niños que no asisten a la escuela, nivel primario, varones;SE.PRM.UNER.MA;;;;
Frágiles y situaciones de conflicto afectados;FCS;Niños que no asisten a la escuela, nivel primario, varones;SE.PRM.UNER.MA;;;;
Finlandia;FIN;Niños que no asisten a la escuela, nivel primario, varones;SE.PRM.UNER.MA;2799;4141;3778;
Fiji;FJI;Niños que no asisten a la escuela, nivel primario, varones;SE.PRM.UNER.MA;;;;
Francia;FRA;Niños que no asisten a la escuela, nivel primario, varones;SE.PRM.UNER.MA;;;;
Islas Feroe;FRO;Niños que no asisten a la escuela, nivel primario, varones;SE.PRM.UNER.MA;;;;
Micronesia (Estados Federados de);FSM;Niños que no asisten a la escuela, nivel primario, varones;SE.PRM.UNER.MA;;749;1331;1320
Gabón;GAB;Niños que no asisten a la escuela, nivel primario, varones;SE.PRM.UNER.MA;;29960;;
Reino Unido;GBR;Niños que no asisten a la escuela, nivel primario, varones;SE.PRM.UNER.MA;12844;25377;47174;
Georgia;GEO;Niños que no asisten a la escuela, nivel primario, varones;SE.PRM.UNER.MA;;;1921;3164
Ghana;GHA;Niños que no asisten a la escuela, nivel primario, varones;SE.PRM.UNER.MA;84794;26649;155175;
Gibraltar;GIB;Niños que no asisten a la escuela, nivel primario, varones;SE.PRM.UNER.MA;;;;
Guinea;GIN;Niños que no asisten a la escuela, nivel primario, varones;SE.PRM.UNER.MA;100428;111925;80822;
Gambia;GMB;Niños que no asisten a la escuela, nivel primario, varones;SE.PRM.UNER.MA;39679;36013;34840;37556
Guinea-Bissau;GNB;Niños que no asisten a la escuela, nivel primario, varones;SE.PRM.UNER.MA;;;;
Guinea Ecuatorial;GNQ;Niños que no asisten a la escuela, nivel primario, varones;SE.PRM.UNER.MA;;;;
Grecia;GRC;Niños que no asisten a la escuela, nivel primario, varones;SE.PRM.UNER.MA;5390;3778;;
Granada;GRD;Niños que no asisten a la escuela, nivel primario, varones;SE.PRM.UNER.MA;;;;
Groenlandia;GRL;Niños que no asisten a la escuela, nivel primario, varones;SE.PRM.UNER.MA;;;;
Guatemala;GTM;Niños que no asisten a la escuela, nivel primario, varones;SE.PRM.UNER.MA;129292;130153;131945;120533
Guam;GUM;Niños que no asisten a la escuela, nivel primario, varones;SE.PRM.UNER.MA;;;;
Guyana;GUY;Niños que no asisten a la escuela, nivel primario, varones;SE.PRM.UNER.MA;;;;
Ingreso alto;HIC;Niños que no asisten a la escuela, nivel primario, varones;SE.PRM.UNER.MA;;;;
Hong Kong, Región Administrativa Especial;HKG;Niños que no asisten a la escuela, nivel primario, varones;SE.PRM.UNER.MA;;;;
Honduras;HND;Niños que no asisten a la escuela, nivel primario, varones;SE.PRM.UNER.MA;;;;
Países pobres muy endeudados (PPME);HPC;Niños que no asisten a la escuela, nivel primario, varones;SE.PRM.UNER.MA;;;;
Croacia;HRV;Niños que no asisten a la escuela, nivel primario, varones;SE.PRM.UNER.MA;;;;
Haití;HTI;Niños que no asisten a la escuela, nivel primario, varones;SE.PRM.UNER.MA;;;;
Hungría;HUN;Niños que no asisten a la escuela, nivel primario, varones;SE.PRM.UNER.MA;8614;10298;9802;
Sólo BIRF;IBD;Niños que no asisten a la escuela, nivel primario, varones;SE.PRM.UNER.MA;;;;
BIRF y la AIF;IBT;Niños que no asisten a la escuela, nivel primario, varones;SE.PRM.UNER.MA;;;;
total de la AIF;IDA;Niños que no asisten a la escuela, nivel primario, varones;SE.PRM.UNER.MA;;;;
mezcla de la AIF;IDB;Niños que no asisten a la escuela, nivel primario, varones;SE.PRM.UNER.MA;;;;
Indonesia;IDN;Niños que no asisten a la escuela, nivel primario, varones;SE.PRM.UNER.MA;482011;;;
Sólo AIF;IDX;Niños que no asisten a la escuela, nivel primario, varones;SE.PRM.UNER.MA;;;;
Isla de Man;IMN;Niños que no asisten a la escuela, nivel primario, varones;SE.PRM.UNER.MA;;;;
India;IND;Niños que no asisten a la escuela, nivel primario, varones;SE.PRM.UNER.MA;7269094;7117787;4108190;2178506
No clasificado;INX;Niños que no asisten a la escuela, nivel primario, varones;SE.PRM.UNER.MA;;;;
Irlanda;IRL;Niños que no asisten a la escuela, nivel primario, varones;SE.PRM.UNER.MA;;;;
Irán, República Islámica del;IRN;Niños que no asisten a la escuela, nivel primario, varones;SE.PRM.UNER.MA;;;;
Iraq;IRQ;Niños que no asisten a la escuela, nivel primario, varones;SE.PRM.UNER.MA;;;;
Islandia;ISL;Niños que no asisten a la escuela, nivel primario, varones;SE.PRM.UNER.MA;;;;
Israel;ISR;Niños que no asisten a la escuela, nivel primario, varones;SE.PRM.UNER.MA;;;;
Italia;ITA;Niños que no asisten a la escuela, nivel primario, varones;SE.PRM.UNER.MA;43567;48425;57875;
Jamaica;JAM;Niños que no asisten a la escuela, nivel primario, varones;SE.PRM.UNER.MA;;;;
Jordania;JOR;Niños que no asisten a la escuela, nivel primario, varones;SE.PRM.UNER.MA;129267;128140;139470;141500
Japón;JPN;Niños que no asisten a la escuela, nivel primario, varones;SE.PRM.UNER.MA;86346;79499;;
Kazajstán;KAZ;Niños que no asisten a la escuela, nivel primario, varones;SE.PRM.UNER.MA;;;76826;
Kenya;KEN;Niños que no asisten a la escuela, nivel primario, varones;SE.PRM.UNER.MA;;;;
Kirguistán;KGZ;Niños que no asisten a la escuela, nivel primario, varones;SE.PRM.UNER.MA;;;;4852
Camboya;KHM;Niños que no asisten a la escuela, nivel primario, varones;SE.PRM.UNER.MA;94844;97232;111873;144985
Kiribati;KIR;Niños que no asisten a la escuela, nivel primario, varones;SE.PRM.UNER.MA;;;;
Saint Kitts y Nevis;KNA;Niños que no asisten a la escuela, nivel primario, varones;SE.PRM.UNER.MA;;;;
Corea, República de;KOR;Niños que no asisten a la escuela, nivel primario, varones;SE.PRM.UNER.MA;12706;;19081;
Kuwait;KWT;Niños que no asisten a la escuela, nivel primario, varones;SE.PRM.UNER.MA;;;;
América Latina y el Caribe (excluido altos ingresos);LAC;Niños que no asisten a la escuela, nivel primario, varones;SE.PRM.UNER.MA;;;;
República Democrática Popular Lao;LAO;Niños que no asisten a la escuela, nivel primario, varones;SE.PRM.UNER.MA;30203;29802;29449;27263
Líbano;LBN;Niños que no asisten a la escuela, nivel primario, varones;SE.PRM.UNER.MA;;;;
Liberia;LBR;Niños que no asisten a la escuela, nivel primario, varones;SE.PRM.UNER.MA;;;116598;
Libia;LBY;Niños que no asisten a la escuela, nivel primario, varones;SE.PRM.UNER.MA;;;;
Santa Lucía;LCA;Niños que no asisten a la escuela, nivel primario, varones;SE.PRM.UNER.MA;204;705;453;
América Latina y el Caribe;LCN;Niños que no asisten a la escuela, nivel primario, varones;SE.PRM.UNER.MA;;;;
Países menos desarrollados: clasificación de las Naciones Unidas;LDC;Niños que no asisten a la escuela, nivel primario, varones;SE.PRM.UNER.MA;;;;
Países de ingreso bajo;LIC;Niños que no asisten a la escuela, nivel primario, varones;SE.PRM.UNER.MA;;;;
Liechtenstein;LIE;Niños que no asisten a la escuela, nivel primario, varones;SE.PRM.UNER.MA;;;;
Sri Lanka;LKA;Niños que no asisten a la escuela, nivel primario, varones;SE.PRM.UNER.MA;;;;
Países de ingreso mediano bajo;LMC;Niños que no asisten a la escuela, nivel primario, varones;SE.PRM.UNER.MA;;;;
Ingreso mediano y bajo;LMY;Niños que no asisten a la escuela, nivel primario, varones;SE.PRM.UNER.MA;;;;
Lesotho;LSO;Niños que no asisten a la escuela, nivel primario, varones;SE.PRM.UNER.MA;11599;13495;;
avanzada del dividendo demográfico;LTE;Niños que no asisten a la escuela, nivel primario, varones;SE.PRM.UNER.MA;;;;
Lituania;LTU;Niños que no asisten a la escuela, nivel primario, varones;SE.PRM.UNER.MA;;;;
Luxemburgo;LUX;Niños que no asisten a la escuela, nivel primario, varones;SE.PRM.UNER.MA;;;;
Letonia;LVA;Niños que no asisten a la escuela, nivel primario, varones;SE.PRM.UNER.MA;981;949;1005;
Región Administrativa Especial de Macao, China;MAC;Niños que no asisten a la escuela, nivel primario, varones;SE.PRM.UNER.MA;446;128;481;700
Isla de San Martín (parte francesa);MAF;Niños que no asisten a la escuela, nivel primario, varones;SE.PRM.UNER.MA;;;;
Marruecos;MAR;Niños que no asisten a la escuela, nivel primario, varones;SE.PRM.UNER.MA;;;;
Mónaco;MCO;Niños que no asisten a la escuela, nivel primario, varones;SE.PRM.UNER.MA;;;;
República de Moldova;MDA;Niños que no asisten a la escuela, nivel primario, varones;SE.PRM.UNER.MA;;;;
Madagascar;MDG;Niños que no asisten a la escuela, nivel primario, varones;SE.PRM.UNER.MA;;;;
Maldivas;MDV;Niños que no asisten a la escuela, nivel primario, varones;SE.PRM.UNER.MA;1274;835;;
Oriente Medio y Norte de África;MEA;Niños que no asisten a la escuela, nivel primario, varones;SE.PRM.UNER.MA;;;;
México;MEX;Niños que no asisten a la escuela, nivel primario, varones;SE.PRM.UNER.MA;;;;
Islas Marshall;MHL;Niños que no asisten a la escuela, nivel primario, varones;SE.PRM.UNER.MA;;1162;1346;1399
 Ingreso mediano;MIC;Niños que no asisten a la escuela, nivel primario, varones;SE.PRM.UNER.MA;;;;
Macedonia del Norte;MKD;Niños que no asisten a la escuela, nivel primario, varones;SE.PRM.UNER.MA;353;2786;2840;
Malí;MLI;Niños que no asisten a la escuela, nivel primario, varones;SE.PRM.UNER.MA;631173;;;
Malta;MLT;Niños que no asisten a la escuela, nivel primario, varones;SE.PRM.UNER.MA;;;;
Myanmar;MMR;Niños que no asisten a la escuela, nivel primario, varones;SE.PRM.UNER.MA;;;;
Oriente Medio y Norte de África (excluido altos ingresos);MNA;Niños que no asisten a la escuela, nivel primario, varones;SE.PRM.UNER.MA;;;;
Montenegro;MNE;Niños que no asisten a la escuela, nivel primario, varones;SE.PRM.UNER.MA;;;;
Mongolia;MNG;Niños que no asisten a la escuela, nivel primario, varones;SE.PRM.UNER.MA;;;;
Mariana;MNP;Niños que no asisten a la escuela, nivel primario, varones;SE.PRM.UNER.MA;;;;
Mozambique;MOZ;Niños que no asisten a la escuela, nivel primario, varones;SE.PRM.UNER.MA;134743;32478;;
Mauritania;MRT;Niños que no asisten a la escuela, nivel primario, varones;SE.PRM.UNER.MA;69108;85497;;
Mauricio;MUS;Niños que no asisten a la escuela, nivel primario, varones;SE.PRM.UNER.MA;;;;
Malawi;MWI;Niños que no asisten a la escuela, nivel primario, varones;SE.PRM.UNER.MA;;;;
Malasia;MYS;Niños que no asisten a la escuela, nivel primario, varones;SE.PRM.UNER.MA;;23604;27915;
América del Norte;NAC;Niños que no asisten a la escuela, nivel primario, varones;SE.PRM.UNER.MA;;;;
Namibia;NAM;Niños que no asisten a la escuela, nivel primario, varones;SE.PRM.UNER.MA;;;;
Nueva Caledonia;NCL;Niños que no asisten a la escuela, nivel primario, varones;SE.PRM.UNER.MA;;;;
Níger;NER;Niños que no asisten a la escuela, nivel primario, varones;SE.PRM.UNER.MA;705584;760498;;872378
Nigeria;NGA;Niños que no asisten a la escuela, nivel primario, varones;SE.PRM.UNER.MA;;;;
Nicaragua;NIC;Niños que no asisten a la escuela, nivel primario, varones;SE.PRM.UNER.MA;;;;
Países Bajos;NLD;Niños que no asisten a la escuela, nivel primario, varones;SE.PRM.UNER.MA;;;;
Noruega;NOR;Niños que no asisten a la escuela, nivel primario, varones;SE.PRM.UNER.MA;;;;
Nepal;NPL;Niños que no asisten a la escuela, nivel primario, varones;SE.PRM.UNER.MA;;;;
Nauru;NRU;Niños que no asisten a la escuela, nivel primario, varones;SE.PRM.UNER.MA;;;45;
Nueva Zelandia;NZL;Niños que no asisten a la escuela, nivel primario, varones;SE.PRM.UNER.MA;;;;
Miembros OCDE;OED;Niños que no asisten a la escuela, nivel primario, varones;SE.PRM.UNER.MA;;;;
Omán;OMN;Niños que no asisten a la escuela, nivel primario, varones;SE.PRM.UNER.MA;;;;
Otros Estados pequeos;OSS;Niños que no asisten a la escuela, nivel primario, varones;SE.PRM.UNER.MA;;;;
Pakistán;PAK;Niños que no asisten a la escuela, nivel primario, varones;SE.PRM.UNER.MA;;;;
Panamá;PAN;Niños que no asisten a la escuela, nivel primario, varones;SE.PRM.UNER.MA;;;24260;
Perú;PER;Niños que no asisten a la escuela, nivel primario, varones;SE.PRM.UNER.MA;;;;
Filipinas;PHL;Niños que no asisten a la escuela, nivel primario, varones;SE.PRM.UNER.MA;236931;185103;222503;603774
Palau;PLW;Niños que no asisten a la escuela, nivel primario, varones;SE.PRM.UNER.MA;;;;23
Papua Nueva Guinea;PNG;Niños que no asisten a la escuela, nivel primario, varones;SE.PRM.UNER.MA;;;;
Polonia;POL;Niños que no asisten a la escuela, nivel primario, varones;SE.PRM.UNER.MA;29916;16187;;
previa al dividendo demográfico;PRE;Niños que no asisten a la escuela, nivel primario, varones;SE.PRM.UNER.MA;;;;
Puerto Rico;PRI;Niños que no asisten a la escuela, nivel primario, varones;SE.PRM.UNER.MA;;;;
Corea, República Popular Democrática de;PRK;Niños que no asisten a la escuela, nivel primario, varones;SE.PRM.UNER.MA;;;;
Portugal;PRT;Niños que no asisten a la escuela, nivel primario, varones;SE.PRM.UNER.MA;;;;
Paraguay;PRY;Niños que no asisten a la escuela, nivel primario, varones;SE.PRM.UNER.MA;;;;
Ribera Occidental y Gaza;PSE;Niños que no asisten a la escuela, nivel primario, varones;SE.PRM.UNER.MA;6982;9036;12186;18520
Estados pequeos de las Islas del Pacfico;PSS;Niños que no asisten a la escuela, nivel primario, varones;SE.PRM.UNER.MA;;;;
posterior al dividendo demográfico;PST;Niños que no asisten a la escuela, nivel primario, varones;SE.PRM.UNER.MA;;;;
Polinesia Francesa;PYF;Niños que no asisten a la escuela, nivel primario, varones;SE.PRM.UNER.MA;;;;
Qatar;QAT;Niños que no asisten a la escuela, nivel primario, varones;SE.PRM.UNER.MA;1676;2691;;
Rumania;ROU;Niños que no asisten a la escuela, nivel primario, varones;SE.PRM.UNER.MA;69125;68977;65163;
Federación de Rusia;RUS;Niños que no asisten a la escuela, nivel primario, varones;SE.PRM.UNER.MA;;;;
Rwanda;RWA;Niños que no asisten a la escuela, nivel primario, varones;SE.PRM.UNER.MA;42956;62064;;69466
Asia meridional;SAS;Niños que no asisten a la escuela, nivel primario, varones;SE.PRM.UNER.MA;;;;
Arabia Saudita;SAU;Niños que no asisten a la escuela, nivel primario, varones;SE.PRM.UNER.MA;;;93620;12480
Sudán;SDN;Niños que no asisten a la escuela, nivel primario, varones;SE.PRM.UNER.MA;1002854;;;
Senegal;SEN;Niños que no asisten a la escuela, nivel primario, varones;SE.PRM.UNER.MA;;407132;408979;462296
Singapur;SGP;Niños que no asisten a la escuela, nivel primario, varones;SE.PRM.UNER.MA;326;;;
Islas Salomón;SLB;Niños que no asisten a la escuela, nivel primario, varones;SE.PRM.UNER.MA;2369;4776;;
Sierra Leona;SLE;Niños que no asisten a la escuela, nivel primario, varones;SE.PRM.UNER.MA;;;;
El Salvador;SLV;Niños que no asisten a la escuela, nivel primario, varones;SE.PRM.UNER.MA;;;;
San Marino;SMR;Niños que no asisten a la escuela, nivel primario, varones;SE.PRM.UNER.MA;;;21;17
Somalia;SOM;Niños que no asisten a la escuela, nivel primario, varones;SE.PRM.UNER.MA;;;;
Serbia;SRB;Niños que no asisten a la escuela, nivel primario, varones;SE.PRM.UNER.MA;2190;2406;3925;5316
África al sur del Sahara (excluido altos ingresos);SSA;Niños que no asisten a la escuela, nivel primario, varones;SE.PRM.UNER.MA;;;;
Sudán del Sur;SSD;Niños que no asisten a la escuela, nivel primario, varones;SE.PRM.UNER.MA;;;;
África al sur del Sahara;SSF;Niños que no asisten a la escuela, nivel primario, varones;SE.PRM.UNER.MA;;;;
Pequeños Estados;SST;Niños que no asisten a la escuela, nivel primario, varones;SE.PRM.UNER.MA;;;;
Santo Tomé y Príncipe;STP;Niños que no asisten a la escuela, nivel primario, varones;SE.PRM.UNER.MA;;;;
Suriname;SUR;Niños que no asisten a la escuela, nivel primario, varones;SE.PRM.UNER.MA;4961;4470;4301;6064
República Eslovaca;SVK;Niños que no asisten a la escuela, nivel primario, varones;SE.PRM.UNER.MA;5387;3853;3513;
Eslovenia;SVN;Niños que no asisten a la escuela, nivel primario, varones;SE.PRM.UNER.MA;;;;
Suecia;SWE;Niños que no asisten a la escuela, nivel primario, varones;SE.PRM.UNER.MA;;;;
Eswatini;SWZ;Niños que no asisten a la escuela, nivel primario, varones;SE.PRM.UNER.MA;16087;15101;;
Sint Maarten (Dutch part);SXM;Niños que no asisten a la escuela, nivel primario, varones;SE.PRM.UNER.MA;;;;
Seychelles;SYC;Niños que no asisten a la escuela, nivel primario, varones;SE.PRM.UNER.MA;;;;
República Árabe Siria;SYR;Niños que no asisten a la escuela, nivel primario, varones;SE.PRM.UNER.MA;;;;
Islas Turcas y Caicos;TCA;Niños que no asisten a la escuela, nivel primario, varones;SE.PRM.UNER.MA;;;;125
Chad;TCD;Niños que no asisten a la escuela, nivel primario, varones;SE.PRM.UNER.MA;227216;240215;;201624
Asia oriental y el Pacífico (BIRF y la AIF);TEA;Niños que no asisten a la escuela, nivel primario, varones;SE.PRM.UNER.MA;;;;
Europa y Asia central (BIRF y la AIF);TEC;Niños que no asisten a la escuela, nivel primario, varones;SE.PRM.UNER.MA;;;;
Togo;TGO;Niños que no asisten a la escuela, nivel primario, varones;SE.PRM.UNER.MA;17695;14408;;
Tailandia;THA;Niños que no asisten a la escuela, nivel primario, varones;SE.PRM.UNER.MA;134617;78625;72233;39352
Tayikistán;TJK;Niños que no asisten a la escuela, nivel primario, varones;SE.PRM.UNER.MA;;;;
Turkmenistán;TKM;Niños que no asisten a la escuela, nivel primario, varones;SE.PRM.UNER.MA;;;;
América Latina y el Caribe (BIRF y la AIF);TLA;Niños que no asisten a la escuela, nivel primario, varones;SE.PRM.UNER.MA;;;;
Timor-Leste;TLS;Niños que no asisten a la escuela, nivel primario, varones;SE.PRM.UNER.MA;5089;6275;6327;
Oriente Medio y Norte de África (BIRF y la AIF);TMN;Niños que no asisten a la escuela, nivel primario, varones;SE.PRM.UNER.MA;;;;
Tonga;TON;Niños que no asisten a la escuela, nivel primario, varones;SE.PRM.UNER.MA;;;;
Asia meridional (BIRF y la AIF);TSA;Niños que no asisten a la escuela, nivel primario, varones;SE.PRM.UNER.MA;;;;
África al sur del Sahara (BIRF y la AIF);TSS;Niños que no asisten a la escuela, nivel primario, varones;SE.PRM.UNER.MA;;;;
Trinidad y Tobago;TTO;Niños que no asisten a la escuela, nivel primario, varones;SE.PRM.UNER.MA;;;;
Túnez;TUN;Niños que no asisten a la escuela, nivel primario, varones;SE.PRM.UNER.MA;;;;
Turquía;TUR;Niños que no asisten a la escuela, nivel primario, varones;SE.PRM.UNER.MA;128269;126143;131921;
Tuvalu;TUV;Niños que no asisten a la escuela, nivel primario, varones;SE.PRM.UNER.MA;;127;148;69
Tanzanía;TZA;Niños que no asisten a la escuela, nivel primario, varones;SE.PRM.UNER.MA;1053124;962961;1003880;
Uganda;UGA;Niños que no asisten a la escuela, nivel primario, varones;SE.PRM.UNER.MA;;;;
Ucrania;UKR;Niños que no asisten a la escuela, nivel primario, varones;SE.PRM.UNER.MA;;;;
Ingreso mediano alto;UMC;Niños que no asisten a la escuela, nivel primario, varones;SE.PRM.UNER.MA;;;;
Uruguay;URY;Niños que no asisten a la escuela, nivel primario, varones;SE.PRM.UNER.MA;;1436;;
Estados Unidos;USA;Niños que no asisten a la escuela, nivel primario, varones;SE.PRM.UNER.MA;64864;123016;245238;
Uzbekistán;UZB;Niños que no asisten a la escuela, nivel primario, varones;SE.PRM.UNER.MA;;;15544;38081
San Vicente y las Granadinas;VCT;Niños que no asisten a la escuela, nivel primario, varones;SE.PRM.UNER.MA;;;;
Venezuela;VEN;Niños que no asisten a la escuela, nivel primario, varones;SE.PRM.UNER.MA;;;;
Islas Vírgenes Británicas;VGB;Niños que no asisten a la escuela, nivel primario, varones;SE.PRM.UNER.MA;;;;
Islas Vírgenes (EE.UU.);VIR;Niños que no asisten a la escuela, nivel primario, varones;SE.PRM.UNER.MA;;;;
Viet Nam;VNM;Niños que no asisten a la escuela, nivel primario, varones;SE.PRM.UNER.MA;;;;
Vanuatu;VUT;Niños que no asisten a la escuela, nivel primario, varones;SE.PRM.UNER.MA;;884;703;
Mundo;WLD;Niños que no asisten a la escuela, nivel primario, varones;SE.PRM.UNER.MA;;;;
Samoa;WSM;Niños que no asisten a la escuela, nivel primario, varones;SE.PRM.UNER.MA;;;;
Kosovo;XKX;Niños que no asisten a la escuela, nivel primario, varones;SE.PRM.UNER.MA;;;;
Yemen, Rep. del;YEM;Niños que no asisten a la escuela, nivel primario, varones;SE.PRM.UNER.MA;;;;
Sudáfrica;ZAF;Niños que no asisten a la escuela, nivel primario, varones;SE.PRM.UNER.MA;458946;463709;509806;
Zambia;ZMB;Niños que no asisten a la escuela, nivel primario, varones;SE.PRM.UNER.MA;;;;
Zimbabwe;ZWE;Niños que no asisten a la escuela, nivel primario, varones;SE.PRM.UNER.MA;229097;235214;214585;
